{
  "database/create/": {
    "sample_count": 1,
    "success_count": 1,
    "error_rate": 0.0,
    "api_latency_ms": {
      "min": 2149.011981993681,
      "max": 2149.011981993681,
      "p50": 2149.011981993681,
      "p95": 2149.011981993681,
      "p99": 2149.011981993681,
      "stddev": 0.0
    }
  },
  "branch/list/": {
    "sample_count": 1,
    "success_count": 1,
    "error_rate": 0.0,
    "api_latency_ms": {
      "min": 147.5344590144232,
      "max": 147.5344590144232,
      "p50": 147.5344590144232,
      "p95": 147.5344590144232,
      "p99": 147.5344590144232,
      "stddev": 0.0
    }
  }
}