{
  "database/create/": {
    "sample_count": 1,
    "success_count": 1,
    "error_rate": 0.0,
    "api_latency_ms": {
      "min": 2144.841836998239,
      "max": 2144.841836998239,
      "p50": 2144.841836998239,
      "p95": 2144.841836998239,
      "p99": 2144.841836998239,
      "stddev": 0.0
    }
  },
  "database/get/": {
    "sample_count": 20,
    "success_count": 20,
    "error_rate": 0.0,
    "api_latency_ms": {
      "min": 141.25496800988913,
      "max": 203.20690600783564,
      "p50": 143.22693001304287,
      "p95": 184.86114154948154,
      "p99": 199.5377531161648,
      "stddev": 20.268048866547094
    }
  }
}