{
  "database/create/": {
    "sample_count": 1,
    "success_count": 1,
    "error_rate": 0.0,
    "api_latency_ms": {
      "min": 2007.5458550127223,
      "max": 2007.5458550127223,
      "p50": 2007.5458550127223,
      "p95": 2007.5458550127223,
      "p99": 2007.5458550127223,
      "stddev": 0.0
    }
  },
  "database/get/": {
    "sample_count": 29,
    "success_count": 29,
    "error_rate": 0.0,
    "api_latency_ms": {
      "min": 137.52323100925423,
      "max": 211.7521559994202,
      "p50": 146.4539720036555,
      "p95": 194.31622638367114,
      "p99": 207.790575993713,
      "stddev": 21.596446559886523
    }
  },
  "branch/list/": {
    "sample_count": 1,
    "success_count": 1,
    "error_rate": 0.0,
    "api_latency_ms": {
      "min": 141.11544398474507,
      "max": 141.11544398474507,
      "p50": 141.11544398474507,
      "p95": 141.11544398474507,
      "p99": 141.11544398474507,
      "stddev": 0.0
    }
  }
}