{
  "database/create/": {
    "sample_count": 1,
    "success_count": 1,
    "error_rate": 0.0,
    "api_latency_ms": {
      "min": 2320.6450619909447,
      "max": 2320.6450619909447,
      "p50": 2320.6450619909447,
      "p95": 2320.6450619909447,
      "p99": 2320.6450619909447,
      "stddev": 0.0
    }
  },
  "database/get/": {
    "sample_count": 30,
    "success_count": 30,
    "error_rate": 0.0,
    "api_latency_ms": {
      "min": 136.49542100029066,
      "max": 235.5137319827918,
      "p50": 145.31972150143702,
      "p95": 216.02649849664877,
      "p99": 233.99392724299105,
      "stddev": 28.459926813508353
    }
  },
  "branch/list/": {
    "sample_count": 1,
    "success_count": 1,
    "error_rate": 0.0,
    "api_latency_ms": {
      "min": 144.34580400120467,
      "max": 144.34580400120467,
      "p50": 144.34580400120467,
      "p95": 144.34580400120467,
      "p99": 144.34580400120467,
      "stddev": 0.0
    }
  }
}